<?xml version="1.0" encoding="UTF-8"?>
<project-private xmlns="http://www.netbeans.org/ns/project-private/1">
    <editor-bookmarks xmlns="http://www.netbeans.org/ns/editor-bookmarks/2" lastBookmarkId="0"/>
    <open-files xmlns="http://www.netbeans.org/ns/projectui-open-files/2">
        <group>
            <file>file:/C:/Users/vithu/OneDrive/Bureau/Projet_JAVA_2019-master-1/Projet%20Java/src/Vue/InterfaceGraphique.java</file>
            <file>file:/C:/Users/vithu/OneDrive/Bureau/Projet_JAVA_2019-master-1/Projet%20Java/src/Vue/Fenetre.java</file>
            <file>file:/C:/Users/vithu/OneDrive/Bureau/Projet_JAVA_2019-master-1/Projet%20Java/src/projet/java/DAO_Eleve.java</file>
            <file>file:/C:/Users/vithu/OneDrive/Bureau/Projet_JAVA_2019-master-1/Projet%20Java/src/projet/java/Eleve.java</file>
        </group>
    </open-files>
</project-private>
