<?xml version="1.0" encoding="UTF-8"?>
<project-private xmlns="http://www.netbeans.org/ns/project-private/1">
    <editor-bookmarks xmlns="http://www.netbeans.org/ns/editor-bookmarks/2" lastBookmarkId="0"/>
    <open-files xmlns="http://www.netbeans.org/ns/projectui-open-files/2">
        <group>
            <file>file:/D:/Users/xavie/Documents/NetBeansProjects/ProjetJava_VersionFinale/Projet%20Java/src/Exceptions/DisciplineException.java</file>
            <file>file:/D:/Users/xavie/Documents/NetBeansProjects/ProjetJava_VersionFinale/Projet%20Java/src/projet/java/Classe.java</file>
            <file>file:/D:/Users/xavie/Documents/NetBeansProjects/ProjetJava_VersionFinale/Projet%20Java/src/projet/java/FenetreStatNiveau.java</file>
            <file>file:/D:/Users/xavie/Documents/NetBeansProjects/ProjetJava_VersionFinale/Projet%20Java/src/projet/java/DAO_Eleve.java</file>
            <file>file:/D:/Users/xavie/Documents/NetBeansProjects/ProjetJava_VersionFinale/Projet%20Java/src/projet/java/FenetreStatAccueil.java</file>
            <file>file:/D:/Users/xavie/Documents/NetBeansProjects/ProjetJava_VersionFinale/Projet%20Java/src/projet/java/FentreRefresh.java</file>
            <file>file:/D:/Users/xavie/Documents/NetBeansProjects/ProjetJava_VersionFinale/Projet%20Java/src/projet/java/Bulletin.java</file>
            <file>file:/D:/Users/xavie/Documents/NetBeansProjects/ProjetJava_VersionFinale/Projet%20Java/src/projet/java/Personne.java</file>
            <file>file:/D:/Users/xavie/Documents/NetBeansProjects/ProjetJava_VersionFinale/Projet%20Java/src/projet/java/Note.java</file>
            <file>file:/D:/Users/xavie/Documents/NetBeansProjects/ProjetJava_VersionFinale/Projet%20Java/src/Exceptions/ClasseException.java</file>
            <file>file:/D:/Users/xavie/Documents/NetBeansProjects/ProjetJava_VersionFinale/Projet%20Java/src/projet/java/DAO_Professeur.java</file>
            <file>file:/D:/Users/xavie/Documents/NetBeansProjects/ProjetJava_VersionFinale/Projet%20Java/src/projet/java/DAO_Classe.java</file>
            <file>file:/D:/Users/xavie/Documents/NetBeansProjects/ProjetJava_VersionFinale/Projet%20Java/src/projet/java/Eleve.java</file>
            <file>file:/D:/Users/xavie/Documents/NetBeansProjects/ProjetJava_VersionFinale/Projet%20Java/src/Exceptions/AnneeScolaireException.java</file>
            <file>file:/D:/Users/xavie/Documents/NetBeansProjects/ProjetJava_VersionFinale/Projet%20Java/src/Controler/ProjetJava.java</file>
            <file>file:/D:/Users/xavie/Documents/NetBeansProjects/ProjetJava_VersionFinale/Projet%20Java/src/Exceptions/NonExistingElement.java</file>
            <file>file:/D:/Users/xavie/Documents/NetBeansProjects/ProjetJava_VersionFinale/Projet%20Java/src/projet/java/FenetreStatIndividus.java</file>
            <file>file:/D:/Users/xavie/Documents/NetBeansProjects/ProjetJava_VersionFinale/Projet%20Java/src/projet/java/Discipline.java</file>
            <file>file:/D:/Users/xavie/Documents/NetBeansProjects/ProjetJava_VersionFinale/Projet%20Java/src/projet/java/DAO.java</file>
            <file>file:/D:/Users/xavie/Documents/NetBeansProjects/ProjetJava_VersionFinale/Projet%20Java/src/Controler/Connect.java</file>
            <file>file:/D:/Users/xavie/Documents/NetBeansProjects/ProjetJava_VersionFinale/Projet%20Java/src/Vue/Error.java</file>
            <file>file:/D:/Users/xavie/Documents/NetBeansProjects/ProjetJava_VersionFinale/Projet%20Java/src/Vue/InterfaceGraphique.java</file>
            <file>file:/D:/Users/xavie/Documents/NetBeansProjects/ProjetJava_VersionFinale/Projet%20Java/src/projet/java/FenetreStatClasse.java</file>
            <file>file:/D:/Users/xavie/Documents/NetBeansProjects/ProjetJava_VersionFinale/Projet%20Java/src/projet/java/DAO_Discipline.java</file>
            <file>file:/D:/Users/xavie/Documents/NetBeansProjects/ProjetJava_VersionFinale/Projet%20Java/src/projet/java/DetailBulletin.java</file>
            <file>file:/D:/Users/xavie/Documents/NetBeansProjects/ProjetJava_VersionFinale/Projet%20Java/src/Vue/Fenetre.java</file>
            <file>file:/D:/Users/xavie/Documents/NetBeansProjects/ProjetJava_VersionFinale/Projet%20Java/src/projet/java/FondFenetre.java</file>
            <file>file:/D:/Users/xavie/Documents/NetBeansProjects/ProjetJava_VersionFinale/Projet%20Java/src/projet/java/Professeur.java</file>
        </group>
    </open-files>
</project-private>
